name,url,,,,,
Bungalow,https://khaosoklake.com/wp-content/uploads/2017/03/Thailand-070-906x561.jpg,,,,,
Bungalow,https://khaosoklake.com/wp-content/uploads/2016/02/khao-sok-bamboo-bliss-tour.jpg,,,,,
Lanterns,http://www.statravel.co.uk/static/uk_division_web_live/assets/chiang-mai-470x400.jpg,,,,,
Doi Sutep,http://www.statravel.co.uk/static/uk_division_web_live/assets/Chaing-Mai-470x190-optimised(1).jpg,,,,,
Tham Lod,https://twistedsifter.files.wordpress.com/2014/03/tham-lod-cave-thailand.jpg?w=800&h=533&zoom=2,,,,,
White Temple,https://static.boredpanda.com/blog/wp-content/uploads/2014/09/white-temple-thailand-32.jpg,,,,,
Black House,https://assets.atlasobscura.com/media/W1siZiIsInVwbG9hZHMvcGxhY2VfaW1hZ2VzLzZiMWJlOGI5ZDRhMzM1YTQ5ZGRhZGQzNTdiNTFmNjJiNzExMDc4MzE4OV9iMWQzMGRmMzcyX2MuanBnIl0sWyJwIiwidGh1bWIiLCJ4MzkwPiJdLFsicCIsImNvbnZlcnQiLCItcXVhbGl0eSA4MSAtYXV0by1vcmllbnQiXV0/7110783189_b1d30df372_c.jpg,,,,,
Koh Phi Phi,https://www.adventureinyou.com/wp-content/uploads/2016/07/phi-phi-new.jpg,,,,,
Maya Bay,"https://res.klook.com/images/fl_lossy.progressive,q_65/c_fill,w_1295,h_720,f_auto/w_80,x_15,y_15,g_south_west,l_klook_water/activities/ajerejxqj9b5zeznvql7/MayaBayPhiPhiSpeedboatTour.jpg",,,,,
Jungle,https://media.nomadicmatt.com/khaosokjungle.jpg,,,,,
Chiang Mai,https://jetsettingfools.com/wp-content/uploads/2014/10/IMG_7884-1024x683.jpg,,,,,
Ha Long Bay,http://atom.mu/wp-content/uploads/2016/03/vietnam-pic.jpg,,,,,
Marble Mountains,https://www.justgola.com/media/a/00/15/87992_og_1.jpeg,,,,,
Hoi An,https://3tsll33cscvk11pae33oze51-wpengine.netdna-ssl.com/wp-content/uploads/2017/11/danang-hoi-an-village-vietnam.png,,,,,
Marble Mountains,https://3tsll33cscvk11pae33oze51-wpengine.netdna-ssl.com/wp-content/uploads/2017/11/danang-marble-mountains.png,,,,,
Lady Buddha,https://3tsll33cscvk11pae33oze51-wpengine.netdna-ssl.com/wp-content/uploads/2017/11/danang-lady-buddha-statue.png,,,,,
Da Nang,http://www.palmvietnamtravel.com/data/upload/da-nang-city-Vietnam.jpg,,,,,
Hanoi Old Quarter,http://journeys-to-the-east.com/medias/55f6aac0a2253.jpg,,,,,
Hanoi Old Quarter,https://d10vk5dg0puvhi.cloudfront.net/images/guides/origin/56fb32b0dd8ec.jpeg,,,,,
Giraffes,http://d27k8xmh3cuzik.cloudfront.net/wp-content/uploads/2017/08/Travelers-taking-up-jeep-safari-in-Thornybush-Game-Reserve-in-Kruger-National-Park-ss22082017.jpg,,,,,
Buffalo,https://nomadtours.co.za/wp-content/themes/nomad/lib/im/g.php?src=https%3A%2F%2Fnomadtours.co.za%2Fmedia%2Fshutterstock_73961131-1180x700.jpg,,,,,
Victoria Falls,https://www.places.co.za/crs/photolarge/10793.jpg,,,,,
Angkor Wat,https://brightcove04pmdo-a.akamaihd.net/5104226627001/5104226627001_5434711148001_5413965430001-vs.jpg,,,,,
Angkor Thom,https://thumbnails.trvl-media.com/mk6ykmceTAJ8syqCFAIx-rnDjzQ=/a.travel-assets.com/mediavault.le/media/22946b58704a44ab77e98fc74ab8c2ac63a16dde.jpeg,,,,,
Ta Prohm,http://images.kuoni.co.uk/73/cambodia-40223243-1501515197-ImageGalleryLightboxLarge.jpg,,,,,
Sukhumvit,http://static.asiawebdirect.com/m/bangkok/portals/bangkok-com/shared/teasersL/NIGHTLIFE/sukhumvit-nightlife/teaserMultiLarge/imageHilight/teaser.jpeg.jpg,,,,,
Snorkling,http://www.bookthailandnow.com/wp-content/uploads/2017/07/Thailand-snorkeling.jpg,,,,,
Eiffel Tower,https://www.telegraph.co.uk/content/dam/video_previews/v/2/v2exl2nje6lsczqgxklf2mh1qjkhmfu-xlarge.jpg,,,,,
Colloseum,https://amedia.britannica.com/700x450/16/99616-004-E47E9465.jpg,,,,,
